age,Gender,County,Chronic_Condition
71,MALE,Appling,Unknown
82,MALE,Appling,Yes
83,MALE,Appling,Unknown
79,MALE,Appling,Unknown
71,MALE,Appling,Yes
69,MALE,Appling,Unknown
70,FEMALE,Atkinson,Yes
70,MALE,Bacon,Yes
95,MALE,Baker,Yes
65,FEMALE,Baker,Unknown
53,MALE,Baldwin,Yes
56,FEMALE,Baldwin,Yes
93,MALE,Baldwin,Yes
57,MALE,Baldwin,Yes
66,MALE,Baldwin,Yes
81,MALE,Baldwin,Yes
89,MALE,Baldwin,Unknown
65,MALE,Baldwin,Unknown
66,MALE,Barrow,Yes
91,FEMALE,Barrow,Yes
64,MALE,Barrow,Yes
84,FEMALE,Barrow,Unknown
56,MALE,Bartow,Yes
69,MALE,Bartow,Yes
90,MALE,Bartow,Yes
72,MALE,Bartow,Yes
66,MALE,Bartow,Yes
78,MALE,Bartow,Yes
77,FEMALE,Bartow,Yes
88,MALE,Bartow,Yes
90,MALE,Bartow,Yes
85,FEMALE,Bartow,Yes
90,FEMALE,Bartow,Yes
85,MALE,Bartow,Yes
86,MALE,Bartow,Yes
88,MALE,Bartow,Yes
80,MALE,Bartow,Yes
87,FEMALE,Bartow,Yes
70,FEMALE,Bartow,Yes
92,MALE,Bartow,Yes
94,FEMALE,Bartow,Yes
84,MALE,Bartow,Yes
87,FEMALE,Bartow,Yes
79,MALE,Bartow,Yes
92,FEMALE,Bartow,Yes
74,MALE,Bartow,Yes
65,MALE,Bartow,Yes
90,FEMALE,Bartow,Yes
78,FEMALE,Bartow,Yes
95,FEMALE,Bartow,Yes
81,MALE,Bartow,Yes
77,FEMALE,Bartow,Yes
79,MALE,Bartow,Yes
71,MALE,Bibb,Yes
96,FEMALE,Bibb,Yes
68,FEMALE,Bibb,Yes
65,MALE,Bibb,No
85,MALE,Bibb,Yes
96,FEMALE,Bibb,Unknown
85,MALE,Bibb,Yes
87,MALE,Bibb,Unknown
,MALE,Bibb,Yes
70,FEMALE,Bibb,Yes
60,MALE,Bibb,No
78,FEMALE,Brantley,Yes
79,FEMALE,Brantley,Unknown
88,FEMALE,Brooks,Unknown
73,MALE,Brooks,Yes
87,MALE,Brooks,Yes
87,MALE,Brooks,Unknown
91,FEMALE,Brooks,Unknown
92,FEMALE,Brooks,Unknown
70,FEMALE,Bryan,Yes
63,MALE,Bryan,Yes
61,FEMALE,Bryan,Unknown
65,MALE,Bulloch,Unknown
42,FEMALE,Bulloch,Yes
82,MALE,Burke,Yes
67,FEMALE,Burke,Unknown
83,MALE,Burke,Yes
70,MALE,Butts,Yes
67,MALE,Butts,Unknown
80,FEMALE,Butts,Unknown
76,FEMALE,Butts,Unknown
74,FEMALE,Butts,Unknown
86,MALE,Butts,Unknown
93,FEMALE,Butts,Unknown
78,FEMALE,Butts,Unknown
79,MALE,Butts,Unknown
88,MALE,Butts,Unknown
96,FEMALE,Butts,Yes
62,MALE,Butts,Unknown
44,MALE,Butts,Unknown
83,UNKNOWN,Butts,Unknown
85,FEMALE,Butts,Unknown
82,MALE,Butts,Unknown
59,FEMALE,Calhoun,Yes
61,FEMALE,Calhoun,Yes
98,MALE,Calhoun,Unknown
67,MALE,Calhoun,Unknown
45,MALE,Camden,No
64,MALE,Carroll,Yes
75,FEMALE,Carroll,Yes
76,MALE,Carroll,Yes
86,MALE,Carroll,Unknown
80,MALE,Carroll,Yes
71,FEMALE,Carroll,Unknown
79,FEMALE,Carroll,Unknown
80,MALE,Carroll,Yes
86,MALE,Carroll,Unknown
87,FEMALE,Carroll,Unknown
83,FEMALE,Carroll,Yes
73,MALE,Carroll,Yes
85,FEMALE,Carroll,Unknown
92,FEMALE,Carroll,Yes
83,MALE,Chatham,Yes
84,FEMALE,Chatham,Yes
80,FEMALE,Chatham,Yes
61,MALE,Chatham,Unknown
58,MALE,Chatham,Yes
57,MALE,Chatham,Yes
74,MALE,Chatham,Yes
53,MALE,Chatham,Yes
92,MALE,Chatham,Yes
82,MALE,Chattooga,Yes
65,MALE,Chattooga,Yes
67,FEMALE,Cherokee,Yes
69,MALE,Cherokee,Yes
78,FEMALE,Cherokee,Yes
81,MALE,Cherokee,Yes
94,FEMALE,Cherokee,Yes
73,MALE,Cherokee,Yes
78,FEMALE,Cherokee,Yes
96,MALE,Cherokee,Yes
90,MALE,Cherokee,Yes
90,FEMALE,Cherokee,Yes
69,MALE,Cherokee,Unknown
89,FEMALE,Cherokee,Yes
96,FEMALE,Cherokee,Yes
78,FEMALE,Clarke,Unknown
79,MALE,Clarke,Yes
60,MALE,Clarke,Yes
79,MALE,Clarke,Yes
72,MALE,Clarke,Yes
78,FEMALE,Clarke,Yes
89,FEMALE,Clarke,No
68,MALE,Clarke,Unknown
97,MALE,Clarke,Yes
76,MALE,Clarke,Yes
65,FEMALE,Clarke,Unknown
85,MALE,Clarke,Unknown
90,MALE,Clarke,Unknown
81,MALE,Clay,Yes
65,MALE,Clay,Unknown
80,MALE,Clay,Unknown
51,FEMALE,Clayton,No
67,FEMALE,Clayton,Yes
47,MALE,Clayton,Yes
82,MALE,Clayton,Yes
70,MALE,Clayton,Unknown
50,MALE,Clayton,Yes
76,MALE,Clayton,Unknown
63,MALE,Clayton,Yes
82,MALE,Clayton,Yes
71,FEMALE,Clayton,Unknown
83,FEMALE,Clayton,Yes
54,MALE,Clayton,Yes
49,FEMALE,Clayton,No
38,MALE,Clayton,Yes
63,FEMALE,Clayton,Yes
57,FEMALE,Clayton,Unknown
56,MALE,Clayton,Yes
63,FEMALE,Clayton,Unknown
49,FEMALE,Clayton,Unknown
60,MALE,Clayton,Unknown
67,MALE,Clayton,Unknown
52,MALE,Clayton,Yes
63,FEMALE,Clayton,Unknown
55,FEMALE,Clayton,Yes
84,FEMALE,Clayton,Unknown
64,MALE,Clayton,Yes
89,MALE,Clayton,Unknown
55,MALE,Clayton,Yes
86,FEMALE,Clayton,Unknown
77,MALE,Clayton,Unknown
70,FEMALE,Clayton,Yes
39,FEMALE,Clayton,Unknown
75,FEMALE,Clayton,Unknown
67,FEMALE,Cobb,Yes
67,MALE,Cobb,Yes
77,MALE,Cobb,Yes
86,FEMALE,Cobb,Yes
32,FEMALE,Cobb,Yes
87,FEMALE,Cobb,Yes
56,MALE,Cobb,No
65,MALE,Cobb,Yes
82,MALE,Cobb,Yes
76,MALE,Cobb,Yes
29,MALE,Cobb,No
97,MALE,Cobb,No
87,MALE,Cobb,Yes
68,MALE,Cobb,Yes
71,MALE,Cobb,Yes
75,FEMALE,Cobb,Yes
86,MALE,Cobb,Unknown
65,MALE,Cobb,Yes
67,MALE,Cobb,Yes
75,MALE,Cobb,Yes
82,FEMALE,Cobb,No
36,MALE,Cobb,Yes
92,MALE,Cobb,Yes
82,MALE,Cobb,Yes
33,MALE,Cobb,Yes
71,MALE,Cobb,Yes
66,MALE,Cobb,Yes
63,FEMALE,Cobb,Yes
73,MALE,Cobb,Yes
71,MALE,Cobb,Yes
75,MALE,Cobb,Yes
76,MALE,Cobb,Yes
51,MALE,Cobb,Yes
75,MALE,Cobb,Yes
64,FEMALE,Cobb,Unknown
77,MALE,Cobb,Unknown
83,FEMALE,Cobb,Unknown
66,MALE,Cobb,Yes
78,FEMALE,Cobb,Unknown
80,MALE,Cobb,Yes
70,FEMALE,Cobb,Yes
75,FEMALE,Cobb,Yes
78,MALE,Cobb,Yes
54,FEMALE,Cobb,Yes
89,FEMALE,Cobb,Yes
77,MALE,Cobb,Yes
73,MALE,Cobb,Yes
77,MALE,Cobb,Yes
81,FEMALE,Cobb,Unknown
98,FEMALE,Cobb,Unknown
82,FEMALE,Cobb,Yes
57,MALE,Cobb,Yes
81,FEMALE,Cobb,Yes
85,MALE,Cobb,Yes
78,FEMALE,Cobb,Yes
83,MALE,Cobb,Yes
87,FEMALE,Cobb,Yes
75,FEMALE,Cobb,Yes
83,MALE,Cobb,Unknown
61,MALE,Cobb,Unknown
70,MALE,Cobb,No
75,MALE,Cobb,Yes
70,MALE,Cobb,Yes
50,MALE,Cobb,Yes
51,FEMALE,Cobb,Yes
73,MALE,Cobb,Unknown
76,FEMALE,Cobb,Yes
90,FEMALE,Cobb,Yes
78,MALE,Cobb,Yes
94,FEMALE,Cobb,Yes
87,MALE,Cobb,Unknown
78,FEMALE,Cobb,Unknown
71,MALE,Cobb,Yes
94,MALE,Cobb,Unknown
75,MALE,Cobb,Yes
76,FEMALE,Cobb,Yes
88,MALE,Cobb,Yes
85,MALE,Cobb,Yes
81,MALE,Cobb,No
64,FEMALE,Cobb,Yes
57,MALE,Cobb,Unknown
94,FEMALE,Cobb,No
84,FEMALE,Cobb,Yes
60,FEMALE,Cobb,Yes
79,FEMALE,Cobb,Yes
84,FEMALE,Cobb,Yes
65,MALE,Cobb,Yes
85,MALE,Cobb,Yes
83,FEMALE,Cobb,Unknown
71,FEMALE,Cobb,Unknown
76,FEMALE,Cobb,Yes
78,MALE,Cobb,Yes
94,FEMALE,Cobb,No
95,FEMALE,Cobb,Unknown
75,MALE,Cobb,Yes
99,FEMALE,Cobb,Yes
48,FEMALE,Coffee,Yes
55,FEMALE,Coffee,Yes
66,MALE,Coffee,Unknown
64,MALE,Coffee,Yes
84,FEMALE,Coffee,Yes
72,FEMALE,Coffee,Yes
88,FEMALE,Coffee,Yes
53,MALE,Colquitt,Yes
51,MALE,Colquitt,Unknown
83,FEMALE,Colquitt,Unknown
76,FEMALE,Colquitt,No
52,MALE,Colquitt,Yes
81,MALE,Colquitt,Unknown
50,FEMALE,Colquitt,Unknown
90,FEMALE,Colquitt,Unknown
45,MALE,Colquitt,Unknown
59,MALE,Columbia,Unknown
50,FEMALE,Columbia,No
77,FEMALE,Columbia,Unknown
89,MALE,Columbia,Yes
77,FEMALE,Cook,Yes
77,MALE,Coweta,Yes
42,FEMALE,Coweta,Yes
58,FEMALE,Coweta,Unknown
84,FEMALE,Coweta,Yes
71,MALE,Crisp,Unknown
93,MALE,Crisp,Yes
75,FEMALE,Crisp,Unknown
79,FEMALE,Dade,Yes
80,MALE,Dawson,Unknown
31,MALE,DeKalb,Yes
65,MALE,DeKalb,Yes
81,MALE,DeKalb,Yes
91,FEMALE,DeKalb,Yes
69,MALE,DeKalb,Yes
65,FEMALE,DeKalb,Yes
89,FEMALE,DeKalb,Yes
81,MALE,DeKalb,Yes
68,FEMALE,DeKalb,Yes
66,FEMALE,DeKalb,Unknown
74,MALE,DeKalb,Yes
66,MALE,DeKalb,Yes
70,MALE,DeKalb,Yes
62,FEMALE,DeKalb,Unknown
84,FEMALE,DeKalb,Unknown
88,FEMALE,DeKalb,Yes
65,MALE,DeKalb,Unknown
75,MALE,DeKalb,Yes
91,MALE,DeKalb,Yes
82,FEMALE,DeKalb,Unknown
90,FEMALE,DeKalb,Yes
66,MALE,DeKalb,Yes
54,MALE,DeKalb,Yes
96,FEMALE,DeKalb,Yes
43,MALE,DeKalb,Yes
79,FEMALE,DeKalb,Yes
84,FEMALE,DeKalb,Yes
99,FEMALE,DeKalb,No
94,FEMALE,DeKalb,Yes
56,MALE,DeKalb,Unknown
56,MALE,DeKalb,Yes
68,MALE,DeKalb,Yes
83,FEMALE,DeKalb,Yes
78,FEMALE,DeKalb,Yes
46,FEMALE,DeKalb,Yes
94,FEMALE,DeKalb,Yes
81,FEMALE,DeKalb,Yes
82,MALE,DeKalb,Yes
86,FEMALE,DeKalb,Yes
91,FEMALE,DeKalb,Yes
79,MALE,DeKalb,Yes
77,MALE,DeKalb,Unknown
46,FEMALE,DeKalb,Yes
46,FEMALE,DeKalb,Yes
89,FEMALE,DeKalb,Yes
81,MALE,DeKalb,Unknown
85,MALE,DeKalb,Unknown
84,FEMALE,DeKalb,Unknown
91,MALE,DeKalb,Unknown
63,MALE,DeKalb,Yes
74,FEMALE,DeKalb,Yes
71,FEMALE,Decatur,Yes
62,FEMALE,Dodge,Yes
67,MALE,Dooly,No
68,MALE,Dooly,Yes
65,MALE,Dooly,Yes
59,FEMALE,Dooly,Yes
71,FEMALE,Dooly,Unknown
54,FEMALE,Dooly,Unknown
92,MALE,Dooly,Yes
69,MALE,Dooly,Yes
76,MALE,Dooly,Yes
69,FEMALE,Dougherty,Yes
42,FEMALE,Dougherty,Yes
66,FEMALE,Dougherty,Yes
43,FEMALE,Dougherty,Yes
79,MALE,Dougherty,Yes
34,MALE,Dougherty,Yes
67,FEMALE,Dougherty,Yes
78,MALE,Dougherty,Yes
47,FEMALE,Dougherty,Yes
60,FEMALE,Dougherty,Yes
87,FEMALE,Dougherty,Unknown
85,FEMALE,Dougherty,Yes
98,FEMALE,Dougherty,Unknown
53,FEMALE,Dougherty,Yes
84,MALE,Dougherty,Yes
66,MALE,Dougherty,Yes
66,FEMALE,Dougherty,Yes
68,FEMALE,Dougherty,Yes
68,MALE,Dougherty,Unknown
65,FEMALE,Dougherty,Yes
71,MALE,Dougherty,Yes
92,FEMALE,Dougherty,Yes
92,FEMALE,Dougherty,Yes
61,FEMALE,Dougherty,Yes
70,MALE,Dougherty,Yes
73,MALE,Dougherty,Yes
63,MALE,Dougherty,Yes
73,MALE,Dougherty,Yes
65,MALE,Dougherty,Yes
45,FEMALE,Dougherty,Yes
69,MALE,Dougherty,Yes
65,MALE,Dougherty,Unknown
82,FEMALE,Dougherty,Yes
86,FEMALE,Dougherty,Unknown
63,FEMALE,Dougherty,Yes
48,FEMALE,Dougherty,Yes
75,MALE,Dougherty,Yes
61,MALE,Dougherty,Yes
78,FEMALE,Dougherty,No
75,MALE,Dougherty,Yes
81,FEMALE,Dougherty,Yes
97,FEMALE,Dougherty,No
76,FEMALE,Dougherty,Yes
74,MALE,Dougherty,Unknown
85,FEMALE,Dougherty,Yes
66,FEMALE,Dougherty,Yes
87,FEMALE,Dougherty,Yes
63,FEMALE,Dougherty,Yes
54,FEMALE,Dougherty,Yes
68,MALE,Dougherty,Yes
79,MALE,Dougherty,Yes
70,MALE,Dougherty,Yes
76,MALE,Dougherty,Unknown
90,FEMALE,Dougherty,Yes
82,FEMALE,Dougherty,Yes
79,FEMALE,Dougherty,Unknown
76,FEMALE,Dougherty,Unknown
81,FEMALE,Dougherty,Yes
68,MALE,Dougherty,Yes
46,MALE,Dougherty,Yes
65,MALE,Dougherty,Yes
38,MALE,Dougherty,Yes
75,FEMALE,Dougherty,Yes
43,FEMALE,Dougherty,Unknown
85,FEMALE,Dougherty,Yes
66,FEMALE,Dougherty,Yes
76,FEMALE,Dougherty,Yes
70,MALE,Dougherty,Unknown
77,FEMALE,Dougherty,Yes
71,MALE,Dougherty,Unknown
84,MALE,Dougherty,Yes
81,FEMALE,Dougherty,Unknown
70,FEMALE,Dougherty,Unknown
74,MALE,Dougherty,Unknown
85,FEMALE,Dougherty,Yes
58,MALE,Dougherty,Yes
71,MALE,Dougherty,Yes
75,MALE,Dougherty,Unknown
48,MALE,Dougherty,Yes
85,MALE,Dougherty,Yes
64,FEMALE,Dougherty,Yes
86,MALE,Dougherty,Unknown
62,MALE,Dougherty,Yes
73,FEMALE,Dougherty,Yes
61,FEMALE,Dougherty,Yes
64,MALE,Dougherty,Yes
54,MALE,Dougherty,Unknown
70,MALE,Dougherty,Yes
86,FEMALE,Dougherty,Yes
74,MALE,Dougherty,Unknown
62,MALE,Dougherty,Yes
65,MALE,Dougherty,Yes
67,FEMALE,Dougherty,Unknown
91,MALE,Dougherty,Yes
78,MALE,Dougherty,Unknown
83,FEMALE,Dougherty,Yes
68,FEMALE,Dougherty,Unknown
54,MALE,Dougherty,Unknown
73,MALE,Dougherty,Unknown
85,FEMALE,Dougherty,Unknown
65,MALE,Dougherty,Unknown
51,FEMALE,Dougherty,Unknown
88,FEMALE,Dougherty,Unknown
61,MALE,Dougherty,Unknown
96,MALE,Dougherty,Unknown
55,FEMALE,Dougherty,No
79,FEMALE,Dougherty,Unknown
90,FEMALE,Dougherty,Unknown
86,FEMALE,Dougherty,Unknown
53,FEMALE,Dougherty,Unknown
91,FEMALE,Dougherty,Unknown
84,MALE,Dougherty,Unknown
67,FEMALE,Dougherty,Unknown
61,MALE,Dougherty,Unknown
89,FEMALE,Dougherty,Unknown
94,MALE,Dougherty,Unknown
83,MALE,Dougherty,Unknown
72,MALE,Dougherty,Unknown
84,MALE,Dougherty,Unknown
68,FEMALE,Dougherty,Unknown
31,FEMALE,Dougherty,Unknown
31,FEMALE,Dougherty,Unknown
73,FEMALE,Dougherty,Unknown
72,FEMALE,Dougherty,Unknown
66,MALE,Douglas,No
78,MALE,Douglas,Yes
84,MALE,Douglas,Yes
32,MALE,Douglas,Yes
56,MALE,Douglas,Yes
58,FEMALE,Douglas,Yes
85,MALE,Douglas,Yes
66,FEMALE,Douglas,Yes
81,FEMALE,Douglas,Unknown
89,MALE,Douglas,Yes
76,MALE,Douglas,Yes
48,FEMALE,Early,Yes
68,FEMALE,Early,Unknown
54,MALE,Early,Unknown
63,FEMALE,Early,Unknown
58,MALE,Early,Unknown
79,MALE,Early,Unknown
65,MALE,Early,Yes
92,FEMALE,Early,Unknown
80,FEMALE,Early,Unknown
71,FEMALE,Early,Unknown
85,MALE,Early,Unknown
79,MALE,Early,Unknown
71,MALE,Early,Unknown
90,FEMALE,Early,Yes
78,FEMALE,Early,Unknown
83,FEMALE,Early,Unknown
83,FEMALE,Early,Unknown
90,FEMALE,Early,Unknown
79,FEMALE,Early,Unknown
69,FEMALE,Early,Unknown
56,MALE,Effingham,Yes
84,FEMALE,Fannin,Yes
79,MALE,Fayette,Yes
73,MALE,Fayette,Yes
83,MALE,Fayette,Yes
76,MALE,Fayette,Yes
77,FEMALE,Fayette,Yes
73,MALE,Fayette,Yes
85,FEMALE,Fayette,Unknown
69,FEMALE,Fayette,Unknown
64,FEMALE,Fayette,Yes
89,MALE,Fayette,Yes
75,MALE,Floyd,Yes
65,FEMALE,Floyd,Yes
62,MALE,Floyd,Yes
75,FEMALE,Floyd,Yes
72,FEMALE,Floyd,Yes
70,MALE,Floyd,Yes
80,MALE,Floyd,Yes
73,FEMALE,Floyd,Yes
67,FEMALE,Floyd,Yes
75,MALE,Floyd,Yes
80,FEMALE,Floyd,Yes
87,MALE,Forsyth,Unknown
74,FEMALE,Forsyth,Unknown
85,MALE,Forsyth,Yes
69,FEMALE,Forsyth,No
73,MALE,Forsyth,Unknown
60,MALE,Forsyth,Unknown
81,FEMALE,Forsyth,Unknown
71,FEMALE,Forsyth,Yes
59,MALE,Forsyth,Unknown
83,MALE,Forsyth,Unknown
78,MALE,Franklin,Yes
68,MALE,Fulton,Yes
62,MALE,Fulton,Yes
64,MALE,Fulton,Yes
78,FEMALE,Fulton,No
69,MALE,Fulton,Yes
58,MALE,Fulton,Yes
68,FEMALE,Fulton,Yes
70,FEMALE,Fulton,Yes
66,FEMALE,Fulton,Unknown
67,MALE,Fulton,Yes
67,MALE,Fulton,Yes
33,MALE,Fulton,Yes
89,FEMALE,Fulton,Yes
70,FEMALE,Fulton,Yes
50,FEMALE,Fulton,No
59,MALE,Fulton,Yes
70,FEMALE,Fulton,Yes
63,MALE,Fulton,Yes
64,MALE,Fulton,Yes
89,MALE,Fulton,Yes
83,MALE,Fulton,Unknown
53,MALE,Fulton,Yes
89,FEMALE,Fulton,Yes
78,MALE,Fulton,Yes
78,MALE,Fulton,Yes
81,MALE,Fulton,Yes
73,MALE,Fulton,Unknown
77,FEMALE,Fulton,Yes
73,FEMALE,Fulton,No
85,MALE,Fulton,No
75,MALE,Fulton,Yes
86,FEMALE,Fulton,Yes
62,MALE,Fulton,Yes
85,MALE,Fulton,Yes
84,FEMALE,Fulton,No
75,FEMALE,Fulton,Yes
78,MALE,Fulton,Unknown
45,MALE,Fulton,No
80,MALE,Fulton,Yes
53,MALE,Fulton,Yes
68,FEMALE,Fulton,Yes
87,MALE,Fulton,Yes
31,MALE,Fulton,No
92,FEMALE,Fulton,Yes
85,MALE,Fulton,Yes
80,FEMALE,Fulton,No
36,FEMALE,Fulton,Yes
73,MALE,Fulton,Yes
88,FEMALE,Fulton,Yes
76,MALE,Fulton,Yes
72,FEMALE,Fulton,Unknown
83,MALE,Fulton,Yes
97,FEMALE,Fulton,Yes
88,MALE,Fulton,Yes
78,MALE,Fulton,Yes
87,FEMALE,Fulton,Yes
57,FEMALE,Fulton,Unknown
93,FEMALE,Fulton,Unknown
82,FEMALE,Fulton,Yes
66,MALE,Fulton,No
68,MALE,Fulton,Unknown
54,FEMALE,Fulton,Unknown
73,MALE,Fulton,Yes
89,MALE,Fulton,Yes
81,FEMALE,Fulton,Yes
85,FEMALE,Fulton,Unknown
69,MALE,Fulton,Unknown
91,MALE,Fulton,Yes
95,FEMALE,Fulton,Yes
76,MALE,Fulton,Yes
74,MALE,Fulton,Yes
77,MALE,Fulton,Yes
61,MALE,Fulton,Unknown
94,FEMALE,Fulton,No
90,FEMALE,Fulton,Yes
87,FEMALE,Fulton,Yes
90,FEMALE,Fulton,Unknown
87,FEMALE,Fulton,Yes
96,MALE,Fulton,Yes
96,FEMALE,Fulton,Yes
96,FEMALE,Fulton,Unknown
60,FEMALE,Fulton,Yes
100,FEMALE,Fulton,Yes
76,FEMALE,Fulton,Yes
59,MALE,Fulton,Unknown
62,FEMALE,Fulton,Unknown
101,FEMALE,Fulton,Yes
89,MALE,Fulton,Unknown
97,MALE,Fulton,Yes
78,MALE,Fulton,Yes
87,FEMALE,Fulton,Yes
80,FEMALE,Fulton,Yes
75,MALE,Fulton,Yes
70,MALE,Fulton,Yes
60,MALE,Fulton,Yes
66,FEMALE,Fulton,Yes
63,MALE,Fulton,Unknown
92,FEMALE,Fulton,Yes
95,FEMALE,Fulton,Yes
95,FEMALE,Fulton,Yes
82,FEMALE,Fulton,Yes
61,FEMALE,Fulton,Yes
60,MALE,Fulton,Yes
78,FEMALE,Fulton,Yes
97,MALE,Fulton,Yes
71,MALE,Fulton,Unknown
82,MALE,Fulton,Unknown
89,MALE,Fulton,No
74,MALE,Fulton,Unknown
89,FEMALE,Fulton,Yes
61,MALE,Fulton,Unknown
61,MALE,Fulton,Yes
86,MALE,Fulton,Unknown
77,MALE,Fulton,No
68,FEMALE,Fulton,Unknown
87,FEMALE,Fulton,Yes
76,FEMALE,Fulton,Yes
100,FEMALE,Fulton,Yes
,FEMALE,Fulton,Yes
98,MALE,Fulton,Unknown
80,FEMALE,Fulton,Yes
65,MALE,Fulton,Unknown
76,MALE,Glynn,Yes
78,MALE,Gordon,Yes
70,FEMALE,Gordon,Yes
68,MALE,Gordon,Yes
74,MALE,Gordon,Yes
93,FEMALE,Gordon,Unknown
86,MALE,Gordon,Yes
63,MALE,Gordon,Yes
66,FEMALE,Gordon,Yes
79,MALE,Gordon,Yes
91,FEMALE,Gordon,Yes
89,FEMALE,Gordon,Yes
77,MALE,Gordon,Yes
57,FEMALE,Grady,Unknown
59,MALE,Grady,Yes
85,FEMALE,Grady,Unknown
64,MALE,Grady,Unknown
100,FEMALE,Greene,Unknown
99,MALE,Greene,Yes
85,FEMALE,Gwinnett,Yes
44,MALE,Gwinnett,Yes
66,MALE,Gwinnett,Yes
63,FEMALE,Gwinnett,Yes
69,FEMALE,Gwinnett,Yes
81,MALE,Gwinnett,No
61,MALE,Gwinnett,Yes
81,MALE,Gwinnett,Yes
85,MALE,Gwinnett,Yes
82,MALE,Gwinnett,Unknown
73,MALE,Gwinnett,Unknown
74,FEMALE,Gwinnett,Yes
80,MALE,Gwinnett,Yes
78,MALE,Gwinnett,Yes
72,FEMALE,Gwinnett,Yes
81,FEMALE,Gwinnett,Unknown
81,MALE,Gwinnett,Unknown
31,FEMALE,Gwinnett,Unknown
94,MALE,Gwinnett,Yes
81,FEMALE,Gwinnett,Yes
78,MALE,Gwinnett,Yes
90,MALE,Gwinnett,Unknown
66,FEMALE,Gwinnett,Yes
70,MALE,Gwinnett,Yes
66,FEMALE,Gwinnett,Yes
58,FEMALE,Gwinnett,Unknown
63,MALE,Gwinnett,Yes
86,FEMALE,Gwinnett,Yes
74,FEMALE,Gwinnett,Yes
85,FEMALE,Gwinnett,Yes
82,FEMALE,Gwinnett,Yes
82,FEMALE,Gwinnett,Yes
68,FEMALE,Gwinnett,Unknown
72,FEMALE,Gwinnett,Yes
91,FEMALE,Gwinnett,Yes
87,FEMALE,Gwinnett,Yes
89,FEMALE,Gwinnett,Unknown
59,FEMALE,Gwinnett,Yes
48,MALE,Gwinnett,No
81,MALE,Gwinnett,Yes
72,FEMALE,Gwinnett,Unknown
75,FEMALE,Gwinnett,Yes
96,FEMALE,Gwinnett,Yes
73,FEMALE,Gwinnett,Yes
89,FEMALE,Gwinnett,Yes
82,MALE,Gwinnett,Yes
59,MALE,Gwinnett,Yes
72,FEMALE,Gwinnett,Yes
88,MALE,Gwinnett,Yes
82,MALE,Gwinnett,Yes
83,MALE,Gwinnett,Yes
84,MALE,Gwinnett,Yes
93,FEMALE,Gwinnett,Yes
73,FEMALE,Gwinnett,Yes
89,FEMALE,Gwinnett,Yes
80,FEMALE,Gwinnett,Yes
94,FEMALE,Gwinnett,Yes
84,FEMALE,Gwinnett,Yes
79,FEMALE,Habersham,Yes
74,MALE,Habersham,Yes
40,FEMALE,Habersham,Unknown
63,FEMALE,Habersham,Yes
87,MALE,Habersham,Yes
99,FEMALE,Habersham,Unknown
38,FEMALE,Habersham,Unknown
51,FEMALE,Habersham,Yes
75,MALE,Hall,Unknown
45,MALE,Hall,Unknown
73,MALE,Hall,Unknown
76,MALE,Hall,Yes
72,MALE,Hall,Yes
68,MALE,Hall,Yes
76,MALE,Hall,Yes
58,MALE,Hall,Unknown
63,MALE,Hall,Unknown
89,FEMALE,Hall,Yes
50,MALE,Hall,Unknown
53,FEMALE,Hall,Yes
89,MALE,Hall,Unknown
84,FEMALE,Hall,Unknown
93,FEMALE,Hall,Yes
78,MALE,Hall,Yes
88,MALE,Hall,Yes
82,MALE,Hall,Yes
93,FEMALE,Hall,Unknown
88,MALE,Hall,Yes
94,FEMALE,Hall,Unknown
92,FEMALE,Hall,Yes
77,FEMALE,Hancock,Unknown
94,FEMALE,Hancock,Yes
72,FEMALE,Haralson,Yes
92,FEMALE,Harris,Yes
69,FEMALE,Harris,Unknown
76,FEMALE,Heard,Yes
80,MALE,Henry,Yes
73,MALE,Henry,Yes
63,FEMALE,Henry,Unknown
68,MALE,Henry,Unknown
36,MALE,Henry,Yes
64,MALE,Henry,Unknown
72,FEMALE,Henry,Unknown
55,MALE,Henry,Yes
73,MALE,Henry,Unknown
82,MALE,Henry,Unknown
79,FEMALE,Henry,Unknown
82,MALE,Henry,Unknown
89,FEMALE,Henry,Unknown
64,MALE,Houston,Yes
84,MALE,Houston,Yes
85,MALE,Houston,Unknown
75,MALE,Houston,Yes
90,MALE,Houston,Yes
75,FEMALE,Houston,Yes
64,MALE,Houston,Yes
68,MALE,Houston,Yes
78,MALE,Houston,Yes
74,FEMALE,Houston,Yes
62,MALE,Houston,Yes
71,FEMALE,Houston,Yes
29,FEMALE,Houston,Unknown
84,FEMALE,Houston,Yes
80,FEMALE,Irwin,Yes
53,FEMALE,Jackson,Unknown
77,FEMALE,Jackson,Yes
89,FEMALE,Jeff Davis,Yes
50,FEMALE,Jefferson,No
92,MALE,Jenkins,Yes
93,MALE,Johnson,Yes
67,MALE,Johnson,Unknown
81,FEMALE,Lamar,Unknown
75,FEMALE,Lanier,Yes
83,MALE,Laurens,Yes
58,MALE,Lee,Yes
64,FEMALE,Lee,Yes
63,MALE,Lee,Yes
55,FEMALE,Lee,Yes
70,MALE,Lee,No
49,MALE,Lee,Yes
64,MALE,Lee,Yes
54,MALE,Lee,Yes
27,FEMALE,Lee,No
63,MALE,Lee,Yes
67,FEMALE,Lee,Unknown
70,FEMALE,Lee,Unknown
34,FEMALE,Lee,Unknown
57,MALE,Lee,Unknown
49,FEMALE,Lee,Yes
81,FEMALE,Lee,Yes
73,FEMALE,Lee,Unknown
89,FEMALE,Lee,Unknown
98,MALE,Lee,Unknown
81,MALE,Lee,Yes
66,MALE,Lowndes,Yes
90,FEMALE,Lowndes,Unknown
87,FEMALE,Lowndes,Yes
74,FEMALE,Lowndes,Unknown
86,FEMALE,Lumpkin,Yes
58,MALE,Lumpkin,Unknown
68,MALE,Macon,Yes
49,MALE,Macon,Unknown
67,MALE,Macon,Yes
71,MALE,Madison,Yes
81,FEMALE,Marion,Yes
45,MALE,McDuffie,Yes
73,FEMALE,McDuffie,Yes
46,FEMALE,McDuffie,Yes
77,FEMALE,McDuffie,Yes
91,FEMALE,Mitchell,Unknown
85,FEMALE,Mitchell,Yes
89,FEMALE,Mitchell,Yes
83,FEMALE,Mitchell,Yes
73,MALE,Mitchell,Yes
68,MALE,Mitchell,Unknown
61,FEMALE,Mitchell,Yes
44,MALE,Mitchell,Unknown
106,MALE,Mitchell,Unknown
55,FEMALE,Mitchell,Unknown
54,MALE,Mitchell,Unknown
97,FEMALE,Mitchell,No
79,MALE,Mitchell,Yes
89,FEMALE,Mitchell,Unknown
55,FEMALE,Mitchell,No
56,FEMALE,Mitchell,Yes
88,FEMALE,Mitchell,Unknown
59,FEMALE,Mitchell,Yes
72,MALE,Mitchell,Yes
81,MALE,Mitchell,Yes
76,FEMALE,Mitchell,Unknown
96,FEMALE,Mitchell,Yes
48,MALE,Mitchell,Unknown
82,FEMALE,Mitchell,Yes
72,MALE,Mitchell,Unknown
92,FEMALE,Mitchell,Unknown
65,MALE,Mitchell,Yes
47,MALE,Mitchell,Unknown
67,MALE,Mitchell,Yes
68,MALE,Mitchell,Yes
75,MALE,Mitchell,Yes
77,MALE,Monroe,Yes
52,MALE,Monroe,Yes
62,FEMALE,Monroe,Yes
83,MALE,Murray,Yes
85,MALE,Muscogee,Unknown
65,FEMALE,Muscogee,Unknown
22,FEMALE,Muscogee,Yes
72,FEMALE,Muscogee,Yes
73,MALE,Muscogee,Yes
63,MALE,Muscogee,Yes
89,MALE,Muscogee,Yes
61,MALE,Newton,Yes
77,MALE,Newton,Yes
84,MALE,Newton,Yes
52,MALE,Newton,Unknown
58,FEMALE,Newton,Unknown
66,MALE,Newton,Unknown
62,FEMALE,Newton,Yes
83,MALE,Oglethorpe,Unknown
94,MALE,Oglethorpe,Unknown
85,MALE,Oglethorpe,Unknown
73,MALE,Paulding,Yes
67,FEMALE,Paulding,Yes
71,MALE,Paulding,Yes
74,MALE,Paulding,Yes
87,FEMALE,Paulding,Yes
64,FEMALE,Paulding,Yes
85,MALE,Paulding,Yes
73,FEMALE,Paulding,Unknown
29,FEMALE,Peach,Unknown
57,FEMALE,Peach,Yes
70,MALE,Pickens,Yes
76,FEMALE,Pickens,Yes
67,FEMALE,Pierce,No
83,MALE,Pierce,Unknown
62,MALE,Pierce,Unknown
46,MALE,Pike,Yes
77,MALE,Pike,Yes
63,MALE,Pulaski,Yes
72,MALE,Putnam,Yes
61,MALE,Putnam,Yes
73,MALE,Putnam,Yes
63,MALE,Putnam,Yes
93,FEMALE,Putnam,Unknown
61,MALE,Quitman,Yes
66,FEMALE,Randolph,Unknown
69,MALE,Randolph,Yes
62,FEMALE,Randolph,Unknown
65,FEMALE,Randolph,Yes
83,FEMALE,Randolph,Unknown
84,FEMALE,Randolph,Unknown
91,MALE,Randolph,Unknown
55,MALE,Randolph,Unknown
82,FEMALE,Randolph,Yes
92,FEMALE,Randolph,Unknown
78,FEMALE,Randolph,Unknown
78,FEMALE,Randolph,Yes
99,FEMALE,Randolph,Unknown
66,MALE,Randolph,Unknown
66,FEMALE,Randolph,Unknown
85,MALE,Randolph,Unknown
71,MALE,Randolph,Unknown
50,MALE,Randolph,No
85,MALE,Randolph,Yes
81,FEMALE,Richmond,Yes
87,FEMALE,Richmond,Unknown
50,FEMALE,Richmond,Yes
70,FEMALE,Richmond,Yes
82,FEMALE,Richmond,Yes
62,MALE,Richmond,Yes
72,FEMALE,Richmond,Yes
62,FEMALE,Richmond,Yes
83,MALE,Richmond,Yes
84,FEMALE,Richmond,Unknown
33,FEMALE,Richmond,Yes
67,FEMALE,Richmond,Yes
90,FEMALE,Richmond,Unknown
84,MALE,Richmond,Yes
90,FEMALE,Richmond,Unknown
33,FEMALE,Richmond,Yes
57,FEMALE,Rockdale,Yes
40,FEMALE,Rockdale,Yes
44,FEMALE,Rockdale,No
63,MALE,Rockdale,Yes
77,FEMALE,Rockdale,Yes
73,MALE,Rockdale,Yes
61,MALE,Schley,Unknown
67,FEMALE,Screven,Yes
69,FEMALE,Seminole,Unknown
89,FEMALE,Seminole,Unknown
73,MALE,Spalding,Yes
50,MALE,Spalding,Unknown
85,MALE,Spalding,Yes
68,FEMALE,Spalding,Unknown
33,MALE,Spalding,No
52,MALE,Spalding,Unknown
85,FEMALE,Spalding,Unknown
75,FEMALE,Spalding,Unknown
95,FEMALE,Spalding,Unknown
80,FEMALE,Spalding,Unknown
87,MALE,Stephens,Yes
66,FEMALE,Sumter,Yes
73,MALE,Sumter,Yes
63,MALE,Sumter,Yes
72,MALE,Sumter,Yes
71,FEMALE,Sumter,Yes
68,FEMALE,Sumter,No
85,MALE,Sumter,Unknown
87,FEMALE,Sumter,Yes
63,MALE,Sumter,Yes
79,FEMALE,Sumter,Yes
68,MALE,Sumter,Unknown
88,MALE,Sumter,Yes
28,MALE,Sumter,Unknown
72,MALE,Sumter,Unknown
62,MALE,Sumter,Unknown
66,MALE,Sumter,Unknown
65,MALE,Sumter,Yes
54,FEMALE,Sumter,No
79,MALE,Sumter,Unknown
79,FEMALE,Sumter,Yes
63,MALE,Sumter,Yes
63,MALE,Sumter,Unknown
65,MALE,Sumter,Yes
45,MALE,Sumter,Unknown
86,MALE,Sumter,Yes
81,FEMALE,Sumter,Yes
60,FEMALE,Sumter,Yes
87,FEMALE,Sumter,Unknown
74,MALE,Talbot,Unknown
60,FEMALE,Taylor,Yes
83,FEMALE,Taylor,Yes
73,FEMALE,Terrell,Yes
75,MALE,Terrell,Yes
68,FEMALE,Terrell,Yes
81,MALE,Terrell,Yes
96,FEMALE,Terrell,No
88,FEMALE,Terrell,Unknown
77,MALE,Terrell,Yes
58,MALE,Terrell,Yes
74,MALE,Terrell,Unknown
78,MALE,Terrell,Yes
84,FEMALE,Terrell,Unknown
79,MALE,Terrell,Unknown
55,FEMALE,Terrell,Unknown
60,MALE,Terrell,Unknown
79,FEMALE,Terrell,Yes
58,FEMALE,Terrell,Unknown
81,FEMALE,Terrell,Unknown
68,MALE,Terrell,Unknown
82,MALE,Terrell,Unknown
59,MALE,Thomas,Yes
87,FEMALE,Thomas,Yes
82,MALE,Thomas,Yes
75,FEMALE,Thomas,Yes
90,MALE,Thomas,Yes
84,FEMALE,Thomas,Unknown
77,FEMALE,Thomas,Unknown
89,FEMALE,Thomas,Unknown
75,FEMALE,Thomas,Unknown
75,MALE,Thomas,Yes
82,MALE,Thomas,Yes
95,FEMALE,Thomas,Unknown
63,MALE,Thomas,Yes
84,FEMALE,Thomas,Unknown
77,FEMALE,Thomas,Yes
84,MALE,Thomas,Unknown
73,MALE,Thomas,Unknown
70,MALE,Thomas,Yes
85,MALE,Thomas,Yes
62,FEMALE,Tift,Yes
91,MALE,Tift,Yes
80,MALE,Tift,No
77,FEMALE,Tift,Yes
86,MALE,Tift,Yes
77,MALE,Toombs,Yes
82,FEMALE,Toombs,Yes
69,MALE,Toombs,Yes
53,FEMALE,Towns,Yes
61,FEMALE,Troup,Yes
66,FEMALE,Troup,Yes
37,FEMALE,Troup,No
82,FEMALE,Troup,Yes
69,MALE,Turner,Yes
83,MALE,Turner,Yes
75,FEMALE,Turner,Yes
63,MALE,Turner,Yes
63,MALE,Turner,Unknown
85,FEMALE,Turner,Yes
90,FEMALE,Turner,Yes
84,MALE,Turner,Yes
79,MALE,Union,Unknown
82,MALE,Non-Georgia Resident,Yes
72,FEMALE,Non-Georgia Resident,Yes
92,FEMALE,Non-Georgia Resident,Yes
53,MALE,Non-Georgia Resident,Unknown
30,MALE,Non-Georgia Resident,Unknown
83,MALE,Non-Georgia Resident,Unknown
93,FEMALE,Non-Georgia Resident,Yes
68,MALE,Non-Georgia Resident,Unknown
77,MALE,Non-Georgia Resident,Yes
84,FEMALE,Non-Georgia Resident,Unknown
68,FEMALE,Non-Georgia Resident,Unknown
79,FEMALE,Non-Georgia Resident,Unknown
71,MALE,Non-Georgia Resident,Yes
58,FEMALE,Non-Georgia Resident,Yes
74,MALE,Upson,Unknown
83,FEMALE,Upson,Unknown
91,FEMALE,Upson,Unknown
74,FEMALE,Upson,Yes
75,MALE,Upson,Unknown
81,FEMALE,Upson,Unknown
61,MALE,Upson,Unknown
70,FEMALE,Upson,Unknown
84,FEMALE,Upson,Yes
62,MALE,Upson,Yes
60,FEMALE,Upson,Unknown
78,FEMALE,Upson,Unknown
82,MALE,Upson,Unknown
89,MALE,Upson,No
83,MALE,Upson,Unknown
88,FEMALE,Upson,Unknown
58,FEMALE,Upson,Yes
76,FEMALE,Upson,Unknown
74,MALE,Walton,Unknown
75,MALE,Walton,Unknown
87,MALE,Walton,Yes
56,MALE,Walton,Yes
75,MALE,Ware,Yes
58,FEMALE,Ware,Yes
44,MALE,Ware,Yes
82,FEMALE,Ware,Unknown
81,MALE,Ware,Unknown
62,FEMALE,Ware,Yes
71,MALE,Ware,Unknown
64,MALE,Ware,Unknown
72,MALE,Ware,Yes
71,FEMALE,Ware,Unknown
58,FEMALE,Ware,Unknown
66,MALE,Washington,Yes
66,MALE,Washington,Yes
59,MALE,Webster,Yes
59,MALE,Webster,Yes
93,MALE,Whitfield,Yes
81,MALE,Whitfield,Yes
78,MALE,Whitfield,Yes
75,MALE,Whitfield,Yes
79,MALE,Wilcox,Yes
61,FEMALE,Wilcox,Yes
79,MALE,Wilcox,Yes
77,MALE,Wilcox,Unknown
65,FEMALE,Wilcox,Yes
68,FEMALE,Wilcox,Yes
82,MALE,Wilcox,Yes
84,MALE,Wilcox,Yes
84,MALE,Wilcox,Unknown
63,MALE,Wilkinson,Yes
54,FEMALE,Wilkinson,Yes
48,MALE,Worth,Yes
60,MALE,Worth,Yes
77,MALE,Worth,Yes
88,FEMALE,Worth,Unknown
75,MALE,Worth,Yes
62,MALE,Worth,Unknown
67,FEMALE,Worth,Yes
69,MALE,Worth,Yes
79,MALE,Worth,Unknown
71,MALE,Worth,Unknown
56,FEMALE,Worth,Unknown
