Ethnicity,race,Confirmed_Cases,Deaths
HISPANIC/LATINO,AFRICAN-AMERICAN,111,4
HISPANIC/LATINO,AMERICAN INDIAN/ALASKA NATIVE,5,0
HISPANIC/LATINO,AMERICAN INDIAN/NATIVE AMERICAN,3,0
HISPANIC/LATINO,ASIAN,10,0
HISPANIC/LATINO,MISSING,120,0
HISPANIC/LATINO,NATIVE HAWAIIAN/PACIFIC ISLANDER,2,0
HISPANIC/LATINO,OTHER,1005,11
HISPANIC/LATINO,UNKNOWN,148,1
HISPANIC/LATINO,WHITE,1243,21
NON-HISPANIC/LATINO,AFRICAN-AMERICAN,8104,580
NON-HISPANIC/LATINO,AMERICAN INDIAN/NATIVE AMERICAN,24,2
NON-HISPANIC/LATINO,ASIAN,316,22
NON-HISPANIC/LATINO,MISSING,140,0
NON-HISPANIC/LATINO,NATIVE HAWAIIAN/PACIFIC ISLANDER,7,0
NON-HISPANIC/LATINO,OTHER,225,7
NON-HISPANIC/LATINO,UNKNOWN,145,2
NON-HISPANIC/LATINO,WHITE,6042,468
UNKNOWN,AFRICAN-AMERICAN,1941,20
UNKNOWN,AMERICAN INDIAN/NATIVE AMERICAN,5,0
UNKNOWN,ASIAN,75,0
UNKNOWN,MISSING,4453,14
UNKNOWN,NATIVE HAWAIIAN/PACIFIC ISLANDER,3,0
UNKNOWN,OTHER,218,1
UNKNOWN,UNKNOWN,2875,10
UNKNOWN,WHITE,1111,12
